Model,R2,RMSE,MAE,MAPE
Random Forest,0.5925941783788873,4.550494682394378,3.5352474673300223,6.116270377595394
XGBoost,0.6969557764663026,3.9246235088610546,3.1660856391523446,5.473864222098337
