Model,R2_Score,RMSE,MAE,MAPE
Random Forest (Sans Clustering),0.6101119223679174,4.451588107132432,3.2388534618379294,5.622827995130159
XGBoost (Sans Clustering),0.8235301447180563,2.994885758774128,2.277065894657644,3.9570883970280892
